workload,week,people,season,holidays,output,data$product,predicted.nn.values$net.result
0.499975001,0.24999375,0,0.99990001,0.99990001,6,eggs,6
0.999950002,0.74998125,0,0.99990001,0,5,eggs,6
0,0.74998125,0,0,0,3,eggs,3
